x_0,x_1,x_2,x_3,original
-0.024325112,-0.06366916,-0.25007114,-0.60315627,-1.1017182
-0.07856,-0.13091508,-0.996444,-0.94374174,-1.5189244
-0.114121474,-0.40834168,-0.89611876,-0.80165493,-1.1993281
-0.09329119,-0.84727377,-0.69361037,-0.70395637,-1.275535
-0.29105568,-0.9107592,-0.76847947,-0.77272075,-1.1930697
-0.48670247,-0.9718326,-0.82850164,-0.85721105,-1.1994832
-0.8212675,-1.0755233,-0.9833865,-0.938657,-0.9979856
-1.3820384,-1.2442062,-1.2345077,-1.1383526,-1.0670954
-1.3778161,-1.247499,-1.2475961,-1.4234855,-1.5552574
-1.3671762,-1.2473977,-1.2686387,-1.2683285,-1.4336419
-1.3624605,-1.2491179,-1.2588096,-1.1738786,-1.1107686
-1.3546098,-1.2460153,-1.2330447,-1.2439036,-1.2162884
-1.3411151,-1.2486027,-1.2435592,-1.2562436,-1.3007437
-1.325265,-1.2492998,-1.259379,-1.3004057,-1.4522419
-1.2953099,-1.2461139,-1.2518021,-1.1845918,-1.1125773
-1.2356356,-1.2310697,-1.2295069,-1.243708,-1.2522888
-1.2459998,-1.2428067,-1.2408694,-1.2519276,-1.2679609
-1.2551849,-1.253427,-1.2500885,-1.2529526,-1.262073
-1.2633315,-1.2637571,-1.262342,-1.2572918,-1.2454461
-1.2654812,-1.269436,-1.272013,-1.2690959,-1.3385314
-1.2816218,-1.285919,-1.2866361,-1.2937596,-1.4154097
-1.2936552,-1.2977086,-1.2946299,-1.1942811,-1.1500266
-1.3183813,-1.3244141,-1.3229817,-1.4795759,-1.6291858
-1.3550851,-1.3658307,-1.3675586,-1.3321787,-1.3952731
-1.3541833,-1.361451,-1.3622217,-1.3389602,-1.3916737
-1.3484904,-1.3525956,-1.3561525,-1.4982202,-1.5916638
-1.3455694,-1.342984,-1.3356885,-1.1091278,-1.0181307
-1.3369508,-1.3223224,-1.2849326,-1.265469,-1.0936434
-1.3329592,-1.320325,-1.3122563,-1.4576807,-1.5322461
-1.3250722,-1.3147689,-1.3649687,-1.4097737,-1.5385522
-1.3149582,-1.3072984,-1.3353992,-1.2078891,-1.1260089
-1.2923446,-1.2884115,-1.2787327,-1.0664309,-1.0448886
-1.2933537,-1.291263,-1.2828817,-1.676923,-1.7204111
-1.2900528,-1.2897747,-1.2816665,-1.2071632,-1.2452985
-1.2897484,-1.2926594,-1.28934,-1.2173707,-1.1843748
-1.2850084,-1.2933452,-1.3002807,-1.3151624,-1.513381
-1.2828432,-1.2909895,-1.2925135,-1.2763144,-1.295929
-1.2775449,-1.2848017,-1.2539712,-1.2457418,-1.2177529
-1.269108,-1.2776898,-1.3042363,-1.3266631,-1.4681745
-1.2479829,-1.2604191,-1.4393241,-1.4387809,-1.5816715
-1.2527233,-1.2610594,-1.3017125,-1.2926574,-1.3201488
-1.2550217,-1.2599211,-1.0265541,-1.0230397,-0.9943473
-1.2567732,-1.2530661,-1.1220912,-1.1307615,-1.163553
-1.251299,-1.2314703,-1.2749356,-1.2613689,-1.132076
-1.259794,-1.2440884,-1.2830404,-1.3007317,-1.3425442
-1.2634841,-1.2515633,-1.2595278,-1.2172905,-1.1254268
-1.2773026,-1.2732955,-1.3386242,-1.396361,-1.5368772
-1.2977703,-1.3080041,-1.544196,-1.5079683,-1.5224321
-1.292097,-1.30005,-1.3518982,-1.3789804,-1.5395657
-1.280181,-1.286126,-0.97192264,-0.968249,-0.9952661
-1.2734333,-1.2747971,-1.0988126,-1.0863446,-1.0301565
-1.2627436,-1.2556859,-1.3157909,-1.3493812,-1.4064784
-1.2486972,-1.2434072,-1.2958989,-1.2459282,-1.1278063
-1.231856,-1.2280836,-1.2743403,-1.3279525,-1.4307213
-1.2029611,-1.2028264,-1.2323819,-1.1727796,-1.105181
-1.1472156,-1.1538395,-1.1558796,-1.178391,-1.3456289
-1.153184,-1.1582186,-1.1586016,-1.1567674,-1.178955
-1.156497,-1.1602967,-1.1438382,-1.1159537,-1.0805526
-1.1618103,-1.1620163,-1.1802382,-1.230725,-1.3750414
-1.163965,-1.1572294,-1.2687358,-1.3083845,-1.410233
-1.1693344,-1.1648216,-1.1897973,-1.1020628,-0.9750105
-1.1723514,-1.1695085,-1.0237845,-1.26142,-1.236012
-1.1757529,-1.1780512,-1.0944269,-0.75656784,-0.70188266
-1.1737751,-1.186086,-1.2060016,-1.2807775,-1.3287739
-1.1812768,-1.1901809,-1.2129669,-1.2707305,-1.3872322
-1.1869434,-1.1914183,-1.2171057,-1.189061,-1.2366332
-1.1925329,-1.193721,-1.2239311,-1.2661865,-1.4584963
-1.192787,-1.1909212,-1.2468385,-1.1381873,-1.0880568
-1.2036914,-1.1957196,-1.2066647,-1.3579907,-1.4346508
-1.2109255,-1.2004577,-1.121914,-1.0108536,-0.7812957
-1.226539,-1.1969863,-1.1526409,-1.2497725,-1.2628765
-1.2478348,-1.1775314,-1.1912802,-1.1899176,-1.2147299
-1.2480575,-1.1994475,-1.2121086,-1.1531287,-1.0376813
-1.2432637,-1.2139086,-1.2030114,-1.2121565,-1.2723045
-1.2438239,-1.2573997,-1.2999973,-1.3059742,-1.3861493
-1.2428051,-1.3347117,-1.5282369,-1.7015579,-1.8922015
-1.235492,-1.3120269,-1.3545742,-1.0786288,-1.1176338
-1.2267696,-1.2873663,-1.0310143,-1.0928417,-1.1527938
-1.2058944,-1.2413219,-1.0959557,-1.1369249,-1.176637
-1.1602572,-1.1541646,-1.1961523,-1.2009805,-1.2648207
-1.1745136,-1.1661458,-1.2075356,-1.2002572,-1.2051631
-1.1895586,-1.179053,-1.2263755,-1.214469,-1.2728877
-1.2000858,-1.1855018,-1.2153009,-1.2380034,-1.3853835
-1.2021508,-1.1805104,-1.181588,-1.1769105,-1.1332899
-1.22899,-1.2079908,-1.2069746,-1.2035198,-1.1506411
-1.2502546,-1.2315305,-1.2238711,-1.2241098,-1.1475515
-1.2970858,-1.2756126,-1.275672,-1.2753865,-1.2321788
-1.3749663,-1.3450862,-1.3638377,-1.3797331,-1.4794811
-1.364343,-1.3440152,-1.3486547,-1.323498,-1.2354814
-1.3455033,-1.333454,-1.3082713,-1.3915493,-1.3956772
-1.3346058,-1.3419435,-1.3317767,-1.2118804,-1.12194
-1.3210506,-1.3641719,-1.3844916,-1.421235,-1.7050467
-1.2962669,-1.3314229,-1.3388895,-1.3428774,-1.4218258
-1.2694589,-1.2968174,-1.2784972,-1.280823,-1.2986904
-1.2201618,-1.2333848,-1.225316,-1.2290606,-1.2690506
-1.1278723,-1.1166612,-1.1285536,-1.1304787,-1.1922429
-1.1392331,-1.1295621,-1.1347935,-1.1309633,-1.1163203
-1.1475179,-1.1393,-1.1320636,-1.2295119,-1.2505121
-1.1630626,-1.1577406,-1.153593,-1.0002139,-0.8896353
-1.1835136,-1.1833566,-1.1841329,-1.1960846,-1.2200104
-1.1861563,-1.1853163,-1.1867923,-1.2455292,-1.4257641
-1.1912206,-1.1900197,-1.1905246,-1.1731015,-1.1643914
-1.1780968,-1.1749623,-1.1807507,-1.1905967,-1.298904
-1.1364647,-1.1293103,-1.1508373,-1.1883373,-1.2923948
-1.1732568,-1.168033,-1.1725813,-1.1051726,-0.98270345
-1.2168314,-1.2130309,-1.1882561,-1.2093418,-1.1891476
-1.2504337,-1.2511796,-1.2283005,-1.227614,-1.148288
-1.2761754,-1.2858368,-1.2550431,-1.2377105,-1.2184715
-1.3397973,-1.3463079,-1.3431287,-1.3760604,-1.556998
-1.3980554,-1.4022018,-1.4572031,-1.4557176,-1.656755
-1.5050677,-1.5019176,-1.5279117,-1.5144452,-1.5251278
-1.6816752,-1.6643088,-1.6344657,-1.6394092,-1.5351375
-1.674994,-1.6624775,-1.6498592,-1.6463931,-1.5572115
-1.6598997,-1.6513731,-1.671652,-1.7637562,-1.9124714
-1.6530747,-1.6549386,-1.665602,-1.5213327,-1.4920316
-1.6432244,-1.6647247,-1.6586446,-1.6900108,-1.7935417
-1.6230775,-1.6391981,-1.6344513,-1.6577557,-1.7533519
-1.6005453,-1.6121293,-1.6075091,-1.7482238,-1.8654494
-1.5567362,-1.5570449,-1.5576888,-1.3328998,-1.288464
-1.4707378,-1.4499313,-1.4638809,-1.6125968,-1.7220256
-1.4860475,-1.4705793,-1.4735221,-1.3501462,-1.2479395
-1.5007248,-1.4910632,-1.4719361,-1.4972736,-1.386506
-1.5134844,-1.5117851,-1.5014397,-1.5406032,-1.6170242
-1.5192106,-1.5298278,-1.5349486,-1.5344046,-1.6613847
-1.5432136,-1.5564777,-1.5599552,-1.5530729,-1.617007
-1.5623696,-1.575704,-1.5684851,-1.5197364,-1.5153645
-1.5995724,-1.6235809,-1.6359067,-1.7158494,-1.930764
-1.6559352,-1.7040186,-1.7698246,-1.7448562,-1.8511102
-1.6555225,-1.6882333,-1.7030118,-1.7027342,-1.8382809
-1.6501677,-1.6695669,-1.579454,-1.6671745,-1.6580616
-1.6454973,-1.6336707,-1.5906123,-1.4449838,-1.2895181
-1.6308519,-1.5613693,-1.607851,-1.6405095,-1.696032
-1.6315464,-1.5749463,-1.5960516,-1.6167221,-1.6056323
-1.6256814,-1.5816671,-1.5786602,-1.5894713,-1.529254
-1.6270962,-1.606005,-1.5570477,-1.54039,-1.4230435
-1.6269091,-1.6455001,-1.4584364,-1.4622508,-1.555265
-1.6173441,-1.6332922,-1.5969199,-1.5993462,-1.6978319
-1.599742,-1.6134819,-1.8770217,-1.8770843,-2.0101418
-1.587709,-1.5957814,-1.7445875,-1.744549,-1.8247211
-1.5688909,-1.5662335,-1.520131,-1.5300488,-1.5763289
-1.5499113,-1.5501484,-1.5077068,-1.49194,-1.4073827
-1.5263472,-1.528248,-1.4834571,-1.4938775,-1.4995803
-1.4906397,-1.5004362,-1.477039,-1.4684137,-1.4473374
-1.4244806,-1.4505192,-1.4686503,-1.2416627,-1.4166948
-1.4250822,-1.4436923,-1.4483044,-1.8153756,-1.9741578
-1.4200422,-1.43188,-1.4075282,-1.3731548,-1.4150925
-1.4210528,-1.4186121,-1.409618,-1.2797391,-1.153068
-1.4202952,-1.3921587,-1.4151028,-1.5605254,-1.6925237
-1.412474,-1.3885503,-1.3964655,-1.2025317,-1.1287763
-1.4030622,-1.3838236,-1.3623133,-1.3493979,-1.1956556
-1.3800524,-1.3669583,-1.3556504,-1.4799095,-1.5564414
-1.3292569,-1.3255297,-1.3323095,-1.3244473,-1.3835332
-1.3456887,-1.3444579,-1.3490287,-1.3144662,-1.2452301
-1.3616534,-1.3607471,-1.355826,-1.280439,-1.2263781
-1.3772609,-1.3859184,-1.3952135,-1.5256113,-1.7151916
-1.3889543,-1.4189943,-1.4672465,-1.4041833,-1.5112678
-1.4113746,-1.4282312,-1.4392229,-1.4753393,-1.6952631
-1.4308512,-1.4389466,-1.3756549,-1.3620981,-1.2975432
-1.4619867,-1.4368625,-1.4022305,-1.3958353,-1.37969
-1.5050094,-1.4132186,-1.428519,-1.4239177,-1.3970288
-1.5136936,-1.4488798,-1.4601685,-1.4664909,-1.511503
-1.5200492,-1.4790038,-1.4849687,-1.4416392,-1.3376709
-1.5255941,-1.5384134,-1.5407672,-1.6064281,-1.7316592
-1.5231603,-1.6346742,-1.6289266,-1.6274512,-1.7227076
-1.5372593,-1.6285052,-1.6277493,-1.5964168,-1.5817362
-1.5459814,-1.6171222,-1.6225041,-1.4647946,-1.5669696
-1.5679145,-1.6037186,-1.6146636,-1.8765675,-2.0521467
-1.6001543,-1.5754732,-1.605713,-1.5948465,-1.6994833
-1.5962468,-1.5739166,-1.5795097,-1.4661119,-1.3399701
-1.5848463,-1.5651536,-1.53523,-1.5585623,-1.5254611
-1.58118,-1.5649458,-1.5203911,-1.5207378,-1.4256145
-1.575231,-1.5643196,-1.4603865,-1.4634389,-1.500612
-1.5592594,-1.5497161,-1.5320566,-1.5326988,-1.595016
-1.5413562,-1.5332978,-1.7078457,-1.709916,-1.894091
-1.504064,-1.4981081,-1.5563483,-1.5535599,-1.6192132
-1.4285622,-1.4259382,-1.2360234,-1.3526734,-1.3571066
-1.4455131,-1.4434454,-1.3829359,-1.1986418,-1.0940173
-1.4632783,-1.4602209,-1.6533288,-1.6054399,-1.6413147
-1.4756216,-1.4773327,-1.5818981,-1.7515081,-1.9279037
-1.4775286,-1.4910669,-1.4416184,-1.4294103,-1.46587
-1.5095986,-1.5137118,-1.4760697,-1.423948,-1.3381754
-1.5347986,-1.533391,-1.5134343,-1.5238321,-1.6762322
-1.5908712,-1.5639589,-1.5496938,-1.5486339,-1.5607922
-1.6841658,-1.6049076,-1.5989283,-1.694536,-1.6875762
-1.6709648,-1.6153605,-1.6126785,-1.4632936,-1.3202084
-1.647333,-1.6124979,-1.6166601,-1.800421,-1.9106469
-1.6345748,-1.6471316,-1.6481068,-1.4313586,-1.4172946
-1.6198697,-1.7193973,-1.7133691,-1.6425428,-1.6708258
-1.5872763,-1.6686244,-1.6666505,-1.9004576,-2.0831232
-1.5529846,-1.616364,-1.6225548,-1.6068306,-1.7809595
-1.4869239,-1.5184518,-1.52133,-1.4465607,-1.3918785
-1.3624632,-1.3393214,-1.335869,-1.347515,-1.3406736
-1.3810792,-1.360433,-1.358836,-1.3629541,-1.3414528
-1.4006121,-1.3824444,-1.3775312,-1.37386,-1.3644074
-1.4161273,-1.4023954,-1.4133756,-1.4205735,-1.522929
-1.4238209,-1.4177796,-1.4730179,-1.5200205,-1.7429742
-1.4553483,-1.44886,-1.4606978,-1.3824081,-1.3378553
-1.4815764,-1.475311,-1.4020975,-1.4405469,-1.4835639
-1.5333911,-1.5247866,-1.4813316,-1.4591328,-1.3240005
-1.6162987,-1.6021993,-1.6065632,-1.6143678,-1.5684934
-1.6116303,-1.6014731,-1.6116827,-1.6163791,-1.6128032
-1.5991565,-1.5941821,-1.6223136,-1.631439,-1.7739155
-1.5948323,-1.5935166,-1.6015702,-1.5872569,-1.5822254
-1.5883824,-1.590214,-1.5535907,-1.5601152,-1.5964835
-1.5707854,-1.5800364,-1.5703092,-1.5671831,-1.5932353
-1.5513496,-1.56368,-1.5992957,-1.6394346,-1.8830264
-1.510986,-1.5463974,-1.5817667,-1.52052,-1.5528616
-1.4299903,-1.5146273,-1.5688571,-1.5911134,-1.8080571
-1.447692,-1.5062402,-1.5125642,-1.5084691,-1.5210668
-1.4657632,-1.50149,-1.41127,-1.4178475,-1.3855419
-1.4804436,-1.4637148,-1.4129814,-1.4093217,-1.3253074
-1.4873338,-1.374191,-1.3911529,-1.3839263,-1.3201998
-1.5167532,-1.4241323,-1.4383094,-1.4526998,-1.5093694
-1.5408736,-1.4685806,-1.4792444,-1.4756354,-1.4334106
-1.5885484,-1.552109,-1.5597545,-1.5586675,-1.5788224
-1.6638321,-1.6888348,-1.6924655,-1.7016287,-1.8586055
-1.6602683,-1.6827097,-1.683655,-1.6685759,-1.6726434
-1.6504436,-1.6700033,-1.668845,-1.6683868,-1.6928084
-1.6436884,-1.6595169,-1.652403,-1.660678,-1.717029
-1.6287813,-1.6389123,-1.6135921,-1.6111685,-1.5215226
-1.6214939,-1.6300538,-1.6250281,-1.6258495,-1.6290045
-1.6087519,-1.6158105,-1.6519065,-1.4516708,-1.5316869
-1.5941315,-1.5982945,-1.6171373,-1.935163,-2.0531628
-1.5645306,-1.5635847,-1.5512049,-1.4807602,-1.4299232
-1.5613647,-1.5609766,-1.5539024,-1.5052773,-1.4982275
-1.5512577,-1.5506804,-1.5496902,-1.5471568,-1.587386
-1.547815,-1.5500216,-1.5560919,-1.5603468,-1.6738939
-1.541271,-1.5499878,-1.5767258,-1.5116899,-1.5749407
-1.5280206,-1.5321982,-1.5371602,-1.6386217,-1.8229678
-1.5123593,-1.5136741,-1.4739321,-1.4528514,-1.3752713
-1.4811262,-1.4706378,-1.450845,-1.432834,-1.3659706
-1.4172974,-1.38288,-1.4003034,-1.4101586,-1.4949566
-1.4307982,-1.4065771,-1.4150962,-1.4006907,-1.3402582
-1.4433252,-1.4282366,-1.4214275,-1.4188366,-1.3468341
-1.4544282,-1.4593284,-1.4533305,-1.4649307,-1.5326481
-1.4588727,-1.5000845,-1.4923427,-1.3468941,-1.3489431
-1.4797453,-1.5142074,-1.5141908,-1.7411065,-1.919374
-1.4960266,-1.5233885,-1.5482341,-1.4488581,-1.5365608
-1.5279604,-1.5445122,-1.5400492,-1.5829512,-1.802588
-1.5756186,-1.574585,-1.49711,-1.4435912,-1.3102249
-1.575531,-1.572897,-1.5540748,-1.6001668,-1.7154992
-1.5700576,-1.5654286,-1.6595877,-1.6571574,-1.800228
-1.5678097,-1.5614917,-1.6202966,-1.5949526,-1.5789523
-1.5592362,-1.5511073,-1.5572124,-1.5635349,-1.627946
-1.5557534,-1.5451504,-1.5340974,-1.5324103,-1.4897664
-1.5479128,-1.5369514,-1.4884127,-1.474893,-1.2915474
-1.5376178,-1.5173844,-1.4902922,-1.5139456,-1.5322977
-1.513277,-1.4724252,-1.4831902,-1.4787449,-1.4896344
-1.5156217,-1.4873912,-1.4939507,-1.4894006,-1.4845945
-1.5181322,-1.4961933,-1.4911797,-1.5001544,-1.5163958
-1.5068563,-1.5220124,-1.5280501,-1.514295,-1.4946669
-1.4701087,-1.5632743,-1.5987868,-1.601515,-1.8338467
-1.4993005,-1.5536697,-1.5622255,-1.5649117,-1.718137
-1.5127348,-1.5406932,-1.5168074,-1.5080582,-1.4648153
-1.5860038,-1.5177042,-1.461989,-1.4756306,-1.5429233
-1.7302113,-1.469736,-1.3070648,-1.2997247,-1.2263995
-1.662746,-1.4779322,-1.4477173,-1.4524704,-1.4971029
-1.5732249,-1.4597206,-1.7086672,-1.713772,-1.8365825
-1.4980845,-1.5242114,-1.6339436,-1.6223615,-1.6000333
-1.4081346,-1.6804475,-1.5150515,-1.5141585,-1.4408127
-1.3038316,-1.5475003,-1.482564,-1.4893154,-1.5295987
-1.1905267,-1.394254,-1.483334,-1.3480847,-1.3834391
-1.0248058,-1.2059149,-1.3322195,-1.5450168,-1.6930938
-0.7552757,-0.9238406,-1.2110792,-1.4816797,-1.4922924
-0.7230557,-0.82700217,-0.8702793,-0.33140206,-0.32589352
-0.6798151,-0.729616,-0.28487036,-0.44237113,-0.53739196
-0.6458257,-0.56023055,-0.3075062,-0.3125999,-0.18905841
-0.6080646,-0.2690923,-0.34162974,-0.35396695,-0.30263132
-0.55397105,-0.27953097,-0.34830108,-0.36482772,-0.41001457
-0.49757162,-0.2848861,-0.3582231,-0.5481396,-0.6466372
-0.40698954,-0.3122329,-0.35800532,-0.052666098,-0.06575237
-0.25500628,-0.36730966,-0.36710137,-0.3101576,-0.3588445
-0.25038886,-0.3417699,-0.34025642,-0.5847865,-0.746389
-0.23930347,-0.31541055,-0.3100352,-0.23724502,-0.15757085
-0.24506152,-0.27119538,-0.2699513,-0.28561994,-0.38036296
-0.2678496,-0.1954251,-0.2035605,-0.3845349,-0.38392136
-0.23310578,-0.19637068,-0.19850765,0.11281313,0.21873908
-0.2084442,-0.19521937,-0.18428746,-0.29375407,-0.29436478
-0.12293049,-0.20006354,-0.19648166,-0.17594251,-0.050982606
0.04764218,-0.21109496,-0.22318839,-0.24580622,-0.44673485
-0.017404273,-0.20201038,-0.20594172,-0.2035832,-0.24002692
-0.097670816,-0.21107547,-0.19123508,-0.15081127,-0.08117555
-0.1692029,-0.14905842,-0.15398672,-0.22465512,-0.38445526
-0.25069955,0.0019376191,-0.065083094,-0.056874882,-0.20720592
-0.3446106,-0.111993335,-0.1284731,-0.10679206,-0.09497108
-0.444024,-0.24561866,-0.21648422,-0.29687315,-0.32775995
-0.58482206,-0.38729715,-0.26095197,-0.13861513,-0.010294626
-0.80237603,-0.5737675,-0.1447262,-0.43746442,-0.52891487
-0.8437643,-0.6974358,-0.6133815,-0.20983231,-0.23690383
-0.8942376,-0.8188665,-1.4210855,-1.515943,-1.5462644
-0.9330976,-1.025299,-1.3656833,-1.4279957,-1.4492851
-0.9657098,-1.3676364,-1.2637041,-1.1319281,-1.1518813
-1.0372839,-1.3690162,-1.2722343,-1.4829274,-1.6092931
-1.1045481,-1.3657246,-1.2662349,-1.2325156,-1.226729
-1.2252722,-1.366195,-1.3039877,-1.2513604,-1.1428972
-1.4256605,-1.3627726,-1.3628159,-1.4096769,-1.540669
-1.4198984,-1.3598229,-1.3614869,-1.2973466,-1.2366829
-1.4079596,-1.3534969,-1.3586637,-1.4134091,-1.586831
-1.3996521,-1.3435904,-1.3468194,-1.2936262,-1.237089
-1.3847177,-1.319725,-1.319912,-1.3140951,-1.2648144
-1.3734436,-1.3244041,-1.3240296,-1.365317,-1.4765385
-1.3577278,-1.3215574,-1.3181138,-1.3152244,-1.3051262
-1.3363345,-1.3350496,-1.3368536,-1.325443,-1.3106647
-1.2957687,-1.3609829,-1.3764178,-1.352887,-1.4613552
-1.2940885,-1.3399059,-1.3434513,-1.3842678,-1.593955
-1.2875885,-1.3162284,-1.3045372,-1.2874489,-1.2059772
-1.2840177,-1.2741537,-1.2507155,-1.2578137,-1.273962
-1.2750789,-1.1948563,-1.1303864,-1.0915953,-0.89201033
-1.2697843,-1.2035847,-1.1918727,-1.2470201,-1.3070486
-1.2608182,-1.2088263,-1.3068758,-1.5064566,-1.6132131
-1.2485806,-1.2203332,-1.2664573,-0.91973174,-0.8985383
-1.2225932,-1.2343154,-1.1806196,-1.2444751,-1.1165154
-1.2237685,-1.2356153,-1.2124299,-1.2815468,-1.351482
-1.2199472,-1.2313418,-1.275482,-1.2682383,-1.3563149
-1.222296,-1.2352072,-1.2399802,-1.2424567,-1.3487854
-1.2244965,-1.2412361,-1.1550368,-1.1722237,-1.2072908
-1.2168682,-1.2303241,-1.2052895,-1.1752943,-1.1053536
-1.2086856,-1.2191709,-1.3144788,-1.3210148,-1.4929463
-1.185353,-1.1894193,-1.2416877,-1.2460364,-1.3349692
-1.1337028,-1.1261142,-1.1040329,-1.0922661,-0.97700244
-1.152806,-1.1473155,-1.1296892,-1.1484665,-1.1984891
-1.1742418,-1.1706177,-1.1586611,-1.2038873,-1.2750942
-1.1893132,-1.1898377,-1.1825391,-1.1010289,-1.0117029
-1.1953872,-1.2034798,-1.204533,-1.2244617,-1.3616714
-1.2312863,-1.2379044,-1.2377378,-1.2457467,-1.3033028
-1.261268,-1.2664199,-1.2621958,-1.2613401,-1.2842896
-1.3241409,-1.3267312,-1.3274618,-1.330796,-1.3944064
-1.4296432,-1.4278579,-1.4409283,-1.4510849,-1.5731755
-1.4171269,-1.4154899,-1.4186524,-1.4010907,-1.3445915
-1.3952291,-1.3938202,-1.3543881,-1.5827878,-1.5600464
-1.3835114,-1.3821706,-1.4067202,-1.0516282,-1.0004199
-1.3708702,-1.3694638,-1.561127,-1.6395189,-1.7167572
-1.3399522,-1.3390032,-1.3834174,-1.4392928,-1.4988462
-1.3080359,-1.3074133,-1.0589373,-1.0618584,-1.0538671
-1.2454776,-1.2459557,-1.1090848,-1.1035632,-1.0859284
-1.1279844,-1.1306379,-1.1870422,-1.1421697,-1.1947856
-1.1462914,-1.148138,-1.1918199,-1.2659433,-1.4597509
-1.165713,-1.1669027,-1.2003134,-1.1679381,-1.0759085
-1.1825149,-1.181962,-1.1875277,-1.2020406,-1.2552223
-1.1945785,-1.1907214,-1.1296169,-1.1782314,-1.1562034
-1.2229413,-1.2200159,-1.207887,-1.1175202,-0.97706646
-1.2479317,-1.2458023,-1.3310434,-1.4888215,-1.6948167
-1.291947,-1.291746,-1.3399564,-1.1323738,-1.1551076
-1.3597251,-1.3631166,-1.34854,-1.4556279,-1.603809
-1.3624016,-1.3649288,-1.3512352,-1.2921827,-1.2228726
-1.3618748,-1.3636781,-1.3496392,-1.3479873,-1.3237722
-1.3609657,-1.3609467,-1.3515555,-1.4009042,-1.522441
-1.3516705,-1.3482298,-1.3458192,-1.3478947,-1.3457608
-1.3575426,-1.3549871,-1.3547176,-1.3335516,-1.2424287
-1.357891,-1.3560761,-1.3599011,-1.3764404,-1.490508
-1.3681232,-1.368177,-1.3707807,-1.3524299,-1.3286161
-1.3832567,-1.3868206,-1.3878875,-1.3779424,-1.4128108
-1.374985,-1.377637,-1.3774059,-1.4037262,-1.5564996
-1.359621,-1.3611816,-1.3584762,-1.3572056,-1.3831813
-1.3497959,-1.3502421,-1.3482608,-1.3385726,-1.2938069
-1.3351182,-1.3341185,-1.3328373,-1.3533027,-1.4176847
-1.3174036,-1.3153459,-1.3153591,-1.2858871,-1.1973102
-1.2963377,-1.2939194,-1.2974453,-1.2943121,-1.3035692
-1.261983,-1.2560868,-1.2563137,-1.2766674,-1.3717871
-1.1977057,-1.1842914,-1.1766888,-1.0287735,-0.8830205
-1.2015076,-1.1922774,-1.1903107,-1.4179267,-1.4697448
-1.2014879,-1.1959211,-1.2136755,-1.1591171,-1.1916221
-1.2055666,-1.2084033,-1.2008882,-1.17157,-1.2604818
-1.2079964,-1.2262704,-1.1539602,-1.1729519,-1.2425295
-1.2071403,-1.2221454,-1.2049932,-1.1719654,-1.1332518
-1.2048272,-1.2165711,-1.2924982,-1.1790768,-1.310341
-1.1951932,-1.2012805,-1.2764521,-1.4733566,-1.6997567
-1.1687802,-1.165226,-1.2797195,-1.2690204,-1.3678036
-1.1823249,-1.1790428,-1.1926423,-1.1126572,-0.99769676
-1.1949282,-1.1918877,-1.0028749,-0.91929436,-0.7941501
-1.2084523,-1.2059766,-1.0983512,-1.2571871,-1.3388176
-1.2197294,-1.2183112,-1.2485505,-1.1138448,-1.0371212
-1.2361854,-1.2345247,-1.2631629,-1.4013404,-1.5210164
-1.2507713,-1.2491126,-1.2798922,-1.3020194,-1.4274586
-1.2709513,-1.2682989,-1.2868733,-1.1702571,-1.0736427
-1.2950312,-1.2901317,-1.2875478,-1.4067029,-1.4665047
-1.3068888,-1.3034396,-1.3022652,-1.1590965,-1.0565696
-1.3178563,-1.3129511,-1.311534,-1.455024,-1.5611528
-1.3272036,-1.3319391,-1.3369781,-1.1878445,-1.1547041
-1.329938,-1.3580344,-1.3813907,-1.4933543,-1.743537
-1.3489909,-1.3593801,-1.3642633,-1.2733179,-1.252405
-1.3635371,-1.3633051,-1.3339577,-1.4105566,-1.4788969
-1.3934823,-1.345922,-1.3243794,-1.261565,-1.1206533
-1.4391187,-1.2947841,-1.280261,-1.299683,-1.2670919
-1.4370873,-1.335729,-1.3364631,-1.3462285,-1.3352706
-1.4308249,-1.3674515,-1.3991741,-1.4320267,-1.6175141
-1.4238148,-1.4459343,-1.46446,-1.4133657,-1.3963789
-1.4060178,-1.5845127,-1.5810869,-1.5792485,-1.6183838
-1.4069514,-1.5539283,-1.5497572,-1.5786866,-1.7343268
-1.4009343,-1.516161,-1.5096917,-1.5022764,-1.48686
-1.4059099,-1.4673331,-1.463485,-1.4646147,-1.515212
-1.4152359,-1.3856622,-1.3863186,-1.4538825,-1.5741103
-1.3991257,-1.370353,-1.3708034,-1.2610116,-1.1830841
-1.3727579,-1.3456205,-1.3510224,-1.3811373,-1.485373
-1.3573407,-1.3297724,-1.3220967,-1.3292768,-1.2906809
-1.3409024,-1.3108758,-1.2675596,-1.2359692,-1.0797608
-1.3042667,-1.2787882,-1.2692548,-1.3242875,-1.4178559
-1.266605,-1.2457995,-1.303187,-1.2933185,-1.3848339
-1.1948597,-1.1816343,-1.2140911,-1.2027171,-1.2316737
-1.0625017,-1.0619217,-1.052187,-1.0508864,-1.0565681
-1.0798832,-1.0796645,-1.0703285,-1.0740451,-1.1115752
-1.0980783,-1.09819,-1.0881246,-1.1200793,-1.185533
-1.1147176,-1.1155139,-1.1089938,-1.0564731,-0.95263284
-1.1280241,-1.1300426,-1.1291264,-1.2624704,-1.3908901
-1.1533082,-1.1551418,-1.1551639,-0.96908665,-0.93638366
-1.1760882,-1.1776465,-1.1753855,-1.2574912,-1.4060107
-1.2134706,-1.2149242,-1.2221864,-1.1894199,-1.1535127
-1.2688168,-1.2703,-1.3043888,-1.2885754,-1.3614424
-1.2754271,-1.2763901,-1.2837077,-1.340285,-1.5180461
-1.2875787,-1.2794898,-1.2365506,-1.2236612,-1.1144795
-1.2725495,-1.28463,-1.2546028,-1.2512976,-1.2097503
-1.2189577,-1.2859044,-1.2705324,-1.290378,-1.2911296
-1.2764361,-1.2915285,-1.2938373,-1.2602923,-1.1603421
-1.3104203,-1.2959396,-1.3360646,-1.3223914,-1.410163
-1.4524698,-1.295763,-1.3158796,-1.3543112,-1.5450983
-1.7333566,-1.2835675,-1.2660756,-1.2847866,-1.3016405
-1.6151854,-1.3002701,-1.2924021,-1.2457063,-1.1329557
-1.4714872,-1.3049834,-1.3161026,-1.3339704,-1.5010777
-1.3202058,-1.3499205,-1.3541781,-1.3467567,-1.3346657
-1.1122342,-1.4397424,-1.4301958,-1.4375546,-1.4247569
-0.9851159,-1.3912826,-1.3873001,-1.382515,-1.3182855
-0.8243967,-1.2325616,-1.2390065,-1.2310112,-1.2303425
-0.684165,-1.4096442,-1.4134738,-1.4296751,-1.5016183
-0.5219748,-1.9631764,-1.9629799,-1.8048874,-1.6475965
-0.3339285,-1.3179582,-1.316812,-1.5609336,-1.5284716
-0.0908567,-0.67421573,-0.6741418,-1.5136774,-1.4100589
0.09248868,0.42606503,0.43271208,1.8942829,1.9492103
0.26597962,2.2829072,2.308878,2.0234065,2.1398137
0.5973552,2.2600527,2.2655375,2.000568,1.9132802
0.92174894,2.2277,2.1936827,2.1817303,2.062024
1.4897492,2.1906712,2.169114,2.2130759,2.302352
2.4490025,2.1263058,2.122946,2.1755526,2.273246
2.423093,2.1101623,2.1137881,2.011567,1.9509864
2.3809018,2.0868924,2.1062188,2.1224904,2.262032
2.3538883,2.056748,2.0662692,2.089211,2.216516
2.3212159,1.9997243,1.9904901,2.0207608,1.9777182
2.2668118,1.9953247,1.9916122,1.9392078,1.770142
2.2082996,1.987398,1.9880399,1.9936488,2.0089903
2.1049113,1.9692204,1.982054,1.9989637,2.1317272
1.9162335,1.9245754,1.9738588,1.8972887,1.955522
1.9324633,1.9401155,1.9498947,2.0672112,2.249292
1.9469407,1.9536623,1.886187,1.880086,1.8704872
1.959649,1.9657307,1.9249542,1.8746946,1.7392426
1.9629161,1.9684376,1.9696563,1.9756937,2.000525
1.9884154,1.9926058,2.0013244,2.0080228,2.0869322
2.00746,2.0105865,2.0352905,2.0149775,2.0775898
2.0467935,2.0469842,2.0632625,2.094699,2.2836192
2.1055665,2.100142,2.1043015,2.0966964,2.101745
2.103674,2.0999286,2.0988886,2.0949786,2.1012309
2.0946107,2.0925531,2.0903175,2.076636,1.9852065
2.0885775,2.0893543,2.0685153,2.0898545,2.1716301
2.0720165,2.0775483,2.0008101,1.9924495,1.969671
2.067458,2.0730035,2.05725,2.0597155,2.1650097
2.0558524,2.0608542,2.1663117,2.1713824,2.39086
2.0453877,2.0517354,2.1111734,2.1002092,2.1822958
2.021533,2.0314517,2.0126467,2.018009,2.1375735
2.0170147,2.0236437,2.0064697,2.0030322,2.0342584
2.0033412,2.0074358,1.9748935,1.9904933,2.0761967
1.9986386,1.9952804,2.0075912,1.985256,1.9162449
1.9902267,1.9724684,2.1004424,2.1092231,2.176531
1.9719574,1.9588563,1.9873258,1.9850065,1.9476877
1.9507531,1.9414678,1.7749065,1.8194361,1.8214962
1.9080456,1.9087873,1.810524,1.742543,1.6111325
1.821225,1.8409559,1.8531492,1.8583868,1.9056269
1.8397021,1.8541521,1.8779986,1.9044498,2.0952535
1.8578533,1.8675867,1.9187135,1.9656022,2.2061846
1.8717222,1.8710514,1.9029592,1.8201861,1.8006182
1.8744565,1.8548383,1.8560846,1.9392123,2.0376272
1.9069425,1.8909364,1.8878235,1.7960278,1.67743
1.9319851,1.9195589,1.9120749,1.875278,1.7665641
1.9862903,1.9801679,1.9654197,2.0765502,2.1772375
2.0734692,2.0781415,2.0381925,2.018365,1.9952129
2.0641673,2.068405,2.0606573,2.0440383,2.0603619
2.0448318,2.049956,2.1042917,2.1460745,2.3880281
2.0338006,2.0348945,2.0696592,2.0042145,2.0147204
2.0164523,2.007486,2.0141041,2.0291162,2.1328042
1.9936424,1.9927752,1.9873416,1.9966662,2.0436475
1.966358,1.9700003,1.9492824,1.9136682,1.7919581
1.919611,1.9457227,1.9127908,1.9698312,2.078318
1.8296146,1.9021832,1.822546,1.8225805,1.9053986
1.8390615,1.8899271,1.8752031,1.8463768,1.834052
1.8550432,1.8779732,1.9676334,2.0350764,2.31135
1.8368216,1.8381793,1.9396226,1.8424197,1.8411285
1.7689222,1.749134,1.9340036,2.0070183,2.0927463
1.8429527,1.7858658,1.8127553,1.7471284,1.6127002
1.8866373,1.8150698,1.525055,1.5431678,1.4980704
2.0678616,1.8778976,1.7144096,1.726391,1.7030603
2.4246593,1.9809197,2.0334702,2.1187422,2.2192051
2.2756312,1.9689267,2.014729,1.8790501,1.8011063
2.0781584,1.891799,1.989085,2.028369,2.1448922
1.925146,2.0131404,1.9549587,1.9609662,1.9386073
1.7635645,2.3548353,1.8882641,1.8943493,1.9476253
1.5088903,1.9952613,1.8922077,1.8898628,1.8989251
1.2492388,1.6304234,2.2488012,1.7901878,1.8165935
0.81900775,1.019949,1.3667754,2.0994725,2.1626997
0.095266365,-0.009783685,-0.1261451,-0.26665106,-0.04044514
0.08885045,-0.010630771,-0.11363741,-0.2597166,-0.2323195
0.08045263,-0.011119864,-0.104820214,-0.13865148,-0.13276036
0.073698364,-0.013322206,-0.07359481,-0.0019030795,0.17471336
0.06631109,-0.017767282,-0.023682937,-0.043761894,-0.08702357
0.055808038,-0.01580243,-0.01662403,-0.01817187,0.05564202
0.04493679,-0.01384459,-0.0036321345,0.090289466,0.2578193
0.027658284,-0.0103725875,-0.00625268,-0.1601286,-0.2463024
-0.0009346681,-0.004372922,-0.012687203,0.018074462,-0.1129871
-0.002308866,-0.0046767467,-0.0076168044,0.020488178,-0.013470485
-0.0041755657,-0.005604527,0.002038223,0.0049171494,0.030528555
-0.0052459845,-0.004529559,-0.0006832964,-0.0077959914,-0.059463352
-0.0057844752,-0.0011305421,-0.0042082574,-0.0013531705,0.0045492467
-0.008843737,-0.0050152936,-0.0067903884,-0.008126425,-0.04688673
-0.011066537,-0.008049011,-0.007493032,0.028193021,0.091979004
-0.018182728,-0.016625125,-0.016401524,-0.07207488,-0.2685196
-0.035411187,-0.03647371,-0.03686928,-0.024422267,-0.34158355
